<?xml version="1.0" encoding="UTF-8"?>
<beans xmlns="http://www.springframework.org/schema/beans"
       xmlns:xsi="http://www.w3.org/2001/XMLSchema-instance"
       xmlns:context="http://www.springframework.org/schema/context"
       xsi:schemaLocation="http://www.springframework.org/schema/beans
            http://www.springframework.org/schema/beans/spring-beans.xsd
            http://www.springframework.org/schema/context
            http://www.springframework.org/schema/context/spring-context-3.0.xsd">
         <bean id="myemployee" class="spring_ioc_container.constructor_injection.Employee"> 
         
         <constructor-arg name="name" value="Amulya"></constructor-arg>
         <constructor-arg name="salary" value="20000"></constructor-arg>
         <constructor-arg name="address" value="Panjagutta"></constructor-arg>
         <constructor-arg>
         <list>
         <value>Core Java</value>
         <value>SQL</value>
         <value>HTML</value>
         <value>CSS</value>
         <value>Javascript</value>
          </list>
         </constructor-arg>
         </bean>  
  

</beans>
<!-- inject multiple values for filed in collection -->