<?xml version="1.0" encoding="UTF-8"?>
<beans xmlns="http://www.springframework.org/schema/beans"
       xmlns:xsi="http://www.w3.org/2001/XMLSchema-instance"
       xmlns:context="http://www.springframework.org/schema/context"
       xsi:schemaLocation="http://www.springframework.org/schema/beans
            http://www.springframework.org/schema/beans/spring-beans.xsd
            http://www.springframework.org/schema/context
            http://www.springframework.org/schema/context/spring-context-3.0.xsd">
         <bean id="myengine" class="spring_ioc_container.constructor_injection.Engine"> 
         
         <constructor-arg name="eno" value="101"></constructor-arg>
         <constructor-arg name="cc" value="1000"></constructor-arg>
         </bean>  
    <bean id="mycar" class="spring_ioc_container.constructor_injection.Car"> 
         
         <constructor-arg name="cid" value="1"></constructor-arg>
         <constructor-arg name="name" value="BMW"></constructor-arg>
         <constructor-arg name="model" value="30"></constructor-arg>
         <constructor-arg name="cost" value="900000"></constructor-arg>
         <constructor-arg name="engine" ref="myengine"></constructor-arg>
         </bean> 

</beans>
