<?xml version="1.0" encoding="UTF-8"?>
<beans xmlns="http://www.springframework.org/schema/beans"
       xmlns:xsi="http://www.w3.org/2001/XMLSchema-instance"
       xmlns:context="http://www.springframework.org/schema/context"
       xsi:schemaLocation="http://www.springframework.org/schema/beans
            http://www.springframework.org/schema/beans/spring-beans.xsd
            http://www.springframework.org/schema/context
            http://www.springframework.org/schema/context/spring-context-3.0.xsd">
         <bean id="mymouse" class="setter_injection.Mouse"> 
         
         <property name="brand" value="HP"></property>
         <property name="price" value="3000"></property>
         <property name="color" value="black"></property>
         <property name="type" value="wireless"></property>
         </bean>  
    

</beans>
